Size,Variables,Beta,Rank,Diagonal,Density,Positive,Seed,Method,Sol,Time,Iterations 
30,1740,0.1,100,0.0,0.05,false,12345,31,17.843487297270073,63427,947
30,1740,0.1,100,0.0,0.05,false,23451,11,19.431142053623844,3881,53
30,1740,0.1,100,0.0,0.05,false,23451,21,19.431141721300143,10352,1548
30,1740,0.1,100,0.0,0.05,false,23451,31,19.43114002490197,56575,857
30,1740,0.1,100,0.0,0.05,false,34512,11,18.226919754787687,2812,31
30,1740,0.1,100,0.0,0.05,false,34512,21,18.226919717554217,5671,1301
30,1740,0.1,100,0.0,0.05,false,34512,31,18.226918242788486,65417,943
30,1740,0.1,100,0.0,0.05,false,45123,11,19.003143393013854,3742,52
30,1740,0.1,100,0.0,0.05,false,45123,21,19.003143391776668,7673,1370
30,1740,0.1,100,0.0,0.05,false,45123,31,19.003141869921944,59340,933
30,1740,0.1,100,0.0,0.05,false,51234,11,19.378319342835084,2620,30
30,1740,0.1,100,0.0,0.05,false,51234,21,19.378319327142677,5522,1567
30,1740,0.1,100,0.0,0.05,false,51234,31,19.378318675340658,54494,1008
30,1740,0.1,100,0.0,0.1,false,12345,11,18.800797643992745,4320,50
30,1740,0.1,100,0.0,0.1,false,12345,21,18.8007976447129,8322,1667
30,1740,0.1,100,0.0,0.1,false,12345,31,18.800796738557214,59524,1035
30,1740,0.1,100,0.0,0.1,false,23451,11,20.036750453187295,2362,21
30,1740,0.1,100,0.0,0.1,false,23451,21,20.036750455272387,5471,1825
30,1740,0.1,100,0.0,0.1,false,23451,31,20.036748399443184,55657,1075
30,1740,0.1,100,0.0,0.1,false,34512,11,18.99259513251716,4941,59
30,1740,0.1,100,0.0,0.1,false,34512,21,18.992595133195827,9514,1677
30,1740,0.1,100,0.0,0.1,false,34512,31,18.992592736521246,59020,1040
30,1740,0.1,100,0.0,0.1,false,45123,11,20.29355435613827,2121,17
30,1740,0.1,100,0.0,0.1,false,45123,21,20.293554355846613,4761,1810
30,1740,0.1,100,0.0,0.1,false,45123,31,20.293552337388125,60739,1054
30,1740,0.1,100,0.0,0.1,false,51234,11,19.38407845370569,3450,41
30,1740,0.1,100,0.0,0.1,false,51234,21,19.384078467296526,7671,1922
30,1740,0.1,100,0.0,0.1,false,51234,31,19.38407784216007,61467,1135
30,1740,0.1,100,0.0,0.5,false,12345,31,19.551305527716174,67792,1704
30,1740,0.1,100,0.0,0.5,false,23451,31,20.994926216103508,69193,1659
30,1740,0.1,100,0.0,0.5,false,34512,31,19.602318058442226,69370,1721
30,1740,0.1,100,0.0,0.5,false,45123,31,21.811325087027225,71031,1655
30,1740,0.1,100,0.0,0.5,false,51234,31,20.935803556421146,64820,1890
30,1740,0.1,100,0.0,1.0,false,23451,31,21.939002560441253,69270,1938
30,1740,0.1,100,0.0,1.0,false,34512,31,20.381926056117603,67139,1936
30,1740,0.1,100,0.0,1.0,false,45123,31,22.81307205944249,74061,1940
30,1740,0.1,100,0.0,1.0,false,51234,31,21.516488199640726,70310,2097
30,1740,0.1,100,0.1,0.05,false,12345,11,17.846215933528807,48728,23
30,1740,0.1,100,0.1,0.05,false,12345,21,17.84621614411607,112924,1542
30,1740,0.1,100,0.1,0.05,false,12345,31,17.846214899220463,61461,945
30,1740,0.1,100,0.1,0.05,false,23451,11,19.433547766749655,54428,27
30,1740,0.1,100,0.1,0.05,false,23451,21,19.433547158300755,123009,1645
30,1740,0.1,100,0.1,0.05,false,23451,31,19.433546886082325,56756,853
30,1740,0.1,100,0.1,0.05,false,34512,11,18.229169868374548,45704,21
30,1740,0.1,100,0.1,0.05,false,34512,21,18.22916981350905,105912,1389
30,1740,0.1,100,0.1,0.05,false,34512,31,18.229167664522834,61857,947
30,1740,0.1,100,0.1,0.05,false,45123,11,19.005456296171786,62339,35
30,1740,0.1,100,0.1,0.05,false,45123,21,19.005454459470602,140099,1442
30,1740,0.1,100,0.1,0.05,false,45123,31,19.00545437349483,58710,924
30,1740,0.1,100,0.1,0.05,false,51234,11,19.38078106844494,43235,20
30,1740,0.1,100,0.1,0.05,false,51234,21,19.380781068448076,102806,1699
30,1740,0.1,100,0.1,0.05,false,51234,31,19.380781134494317,53827,1007
30,1740,0.1,100,0.1,0.1,false,12345,11,18.802813909965913,60961,32
30,1740,0.1,100,0.1,0.1,false,12345,21,18.80281361747304,136773,1631
30,1740,0.1,100,0.1,0.1,false,12345,31,18.802812098970954,56706,1023
30,1740,0.1,100,0.1,0.1,false,23451,11,20.0387236596314,48515,23
30,1740,0.1,100,0.1,0.1,false,23451,21,20.038723633642416,114600,1921
30,1740,0.1,100,0.1,0.1,false,23451,31,20.03872133004172,56538,1067
30,1740,0.1,100,0.1,0.1,false,34512,11,18.994559200893868,49035,23
30,1740,0.1,100,0.1,0.1,false,34512,21,18.994559201039426,114774,1764
30,1740,0.1,100,0.1,0.1,false,34512,31,18.99455845053469,63056,1040
30,1740,0.1,100,0.1,0.1,false,45123,11,20.29516068481369,44782,21
30,1740,0.1,100,0.1,0.1,false,45123,21,20.295160676185258,106675,1872
30,1740,0.1,100,0.1,0.1,false,45123,31,20.29515961276408,63429,1076
30,1740,0.1,100,0.1,0.1,false,51234,11,19.3865614190987,60398,29
30,1740,0.1,100,0.1,0.1,false,51234,21,19.386561884245022,136355,2049
30,1740,0.1,100,0.1,0.1,false,51234,31,19.38655928523632,57238,1121
30,1740,0.1,100,0.1,0.5,false,12345,11,19.55496099931212,92511,45
30,1740,0.1,100,0.1,0.5,false,12345,21,19.554960997013286,271209,1837
30,1740,0.1,100,0.1,0.5,false,12345,31,19.55495927195662,66694,1699
30,1740,0.1,100,0.1,0.5,false,23451,11,20.997865577133624,89638,47
30,1740,0.1,100,0.1,0.5,false,23451,21,20.997865576697855,193171,2011
30,1740,0.1,100,0.1,0.5,false,23451,31,20.997866049845445,73526,1662
30,1740,0.1,100,0.1,0.5,false,34512,11,19.605795739679692,83479,42
30,1740,0.1,100,0.1,0.5,false,34512,21,19.605795749119668,177882,1844
30,1740,0.1,100,0.1,0.5,false,34512,31,19.60579519886679,68732,1729
30,1740,0.1,100,0.1,0.5,false,45123,11,21.81303205262937,72843,36
30,1740,0.1,100,0.1,0.5,false,45123,21,21.813032051720626,155514,1891
30,1740,0.1,100,0.1,0.5,false,45123,31,21.813031970509684,69881,1647
30,1740,0.1,100,0.1,0.5,false,51234,11,20.938173471446103,92683,48
30,1740,0.1,100,0.1,0.5,false,51234,21,20.93817347577901,297448,2200
30,1740,0.1,100,0.1,0.5,false,51234,31,20.93817308559746,64163,1847
30,1740,0.1,100,0.1,1.0,false,12345,11,20.2647419427187,94262,48
30,1740,0.1,100,0.1,1.0,false,12345,21,20.26474194221695,197825,2023
30,1740,0.1,100,0.1,1.0,false,12345,31,20.26474126209371,74573,2042
30,1740,0.1,100,0.1,1.0,false,23451,11,21.941528750205094,88505,44
30,1740,0.1,100,0.1,1.0,false,23451,21,21.941528753386873,187781,2248
30,1740,0.1,100,0.1,1.0,false,23451,31,21.941528327059324,67441,1886
30,1740,0.1,100,0.1,1.0,false,34512,11,20.384685329573514,45674,21
30,1740,0.1,100,0.1,1.0,false,34512,21,20.38468542371171,104761,2054
30,1740,0.1,100,0.1,1.0,false,34512,31,20.384684754722365,64781,2013
30,1740,0.1,100,0.1,1.0,false,45123,11,22.814871848747217,81373,40
30,1740,0.1,100,0.1,1.0,false,45123,21,22.814871841492973,171022,2073
30,1740,0.1,100,0.1,1.0,false,45123,31,22.814870653423416,70772,1958
30,1740,0.1,100,0.1,1.0,false,51234,11,21.519761003787572,76763,38
30,1740,0.1,100,0.1,1.0,false,51234,21,21.5197610048405,163857,2122
30,1740,0.1,100,0.1,1.0,false,51234,31,21.51975980709303,66242,2079
30,1740,0.1,100,0.5,0.05,false,12345,11,17.857061121423076,64751,33
30,1740,0.1,100,0.5,0.05,false,12345,21,17.85705941512358,145178,1529
30,1740,0.1,100,0.5,0.05,false,12345,31,17.85706004972161,61140,950
30,1740,0.1,100,0.5,0.05,false,23451,11,19.44311538308193,43863,21
30,1740,0.1,100,0.5,0.05,false,23451,21,19.443115376759863,103651,1704
30,1740,0.1,100,0.5,0.05,false,23451,31,19.443113446071358,53941,856
30,1740,0.1,100,0.5,0.05,false,34512,11,18.238126002384753,38322,17
30,1740,0.1,100,0.5,0.05,false,34512,21,18.238125998483607,91256,1428
30,1740,0.1,100,0.5,0.05,false,34512,31,18.23812574511664,63277,940
30,1740,0.1,100,0.5,0.05,false,45123,11,19.014657906188038,35680,18
30,1740,0.1,100,0.5,0.05,false,45123,21,19.0146580058561,84174,1380
30,1740,0.1,100,0.5,0.05,false,45123,31,19.014657552937273,59090,921
30,1740,0.1,100,0.5,0.05,false,51234,11,19.39057690112491,47534,23
30,1740,0.1,100,0.5,0.05,false,51234,21,19.39057482687201,109444,1648
30,1740,0.1,100,0.5,0.05,false,51234,31,19.390574850853135,56478,1002
30,1740,0.1,100,0.5,0.1,false,12345,11,18.810846573895095,45102,22
30,1740,0.1,100,0.5,0.1,false,12345,21,18.810846583693714,105895,1709
30,1740,0.1,100,0.5,0.1,false,12345,31,18.810844491471144,58689,1029
30,1740,0.1,100,0.5,0.1,false,23451,11,20.04657236517038,50005,24
30,1740,0.1,100,0.5,0.1,false,23451,21,20.046574152214127,161509,1965
30,1740,0.1,100,0.5,0.1,false,23451,31,20.046571962083856,56619,1064
30,1740,0.1,100,0.5,0.1,false,34512,11,19.002391730518312,43664,20
30,1740,0.1,100,0.5,0.1,false,34512,21,19.00239114174766,146602,1766
30,1740,0.1,100,0.5,0.1,false,34512,31,19.00239042470269,57808,1038
30,1740,0.1,100,0.5,0.1,false,45123,11,20.30156717343816,46651,22
30,1740,0.1,100,0.5,0.1,false,45123,21,20.30156718298443,109655,1794
30,1740,0.1,100,0.5,0.1,false,45123,31,20.301566545159325,64871,1059
30,1740,0.1,100,0.5,0.1,false,51234,11,19.396412274895138,38400,17
30,1740,0.1,100,0.5,0.1,false,51234,21,19.39641221810416,95820,2033
30,1740,0.1,100,0.5,0.1,false,51234,31,19.396410484007845,59642,1129
30,1740,0.1,100,0.5,0.5,false,12345,11,19.569219890631153,72112,36
30,1740,0.1,100,0.5,0.5,false,12345,21,19.56921991214827,152440,1782
30,1740,0.1,100,0.5,0.5,false,12345,31,19.569219726655962,69600,1725
30,1740,0.1,100,0.5,0.5,false,23451,11,21.009370644056045,75081,38
30,1740,0.1,100,0.5,0.5,false,23451,21,21.009371039638395,158201,2073
30,1740,0.1,100,0.5,0.5,false,23451,31,21.009370222622426,71210,1630
30,1740,0.1,100,0.5,0.5,false,34512,11,19.619367510731763,41753,19
30,1740,0.1,100,0.5,0.5,false,34512,21,19.619366587883093,138752,1827
30,1740,0.1,100,0.5,0.5,false,34512,31,19.619365587352643,66029,1733
30,1740,0.1,100,0.5,0.5,false,45123,11,21.81981448368589,64557,32
30,1740,0.1,100,0.5,0.5,false,45123,21,21.81981448313448,140360,1922
30,1740,0.1,100,0.5,0.5,false,45123,31,21.819813296275193,72640,1631
30,1740,0.1,100,0.5,0.5,false,51234,11,20.94758983519616,92128,46
30,1740,0.1,100,0.5,0.5,false,51234,21,20.94758983471104,198684,2372
30,1740,0.1,100,0.5,0.5,false,51234,31,20.947589308369476,62120,1861
30,1740,0.1,100,0.5,1.0,false,12345,11,20.27549016394856,36900,16
30,1740,0.1,100,0.5,1.0,false,12345,21,20.27549016272453,88279,2044
30,1740,0.1,100,0.5,1.0,false,12345,31,20.27549046212606,73282,2084
30,1740,0.1,100,0.5,1.0,false,23451,11,21.951499954172437,67661,35
30,1740,0.1,100,0.5,1.0,false,23451,21,21.951500404879805,150342,2419
30,1740,0.1,100,0.5,1.0,false,23451,31,21.951499468733395,68854,1852
30,1740,0.1,100,0.5,1.0,false,34512,11,20.395566772155725,55897,28
30,1740,0.1,100,0.5,1.0,false,34512,21,20.395567223862393,125627,2038
30,1740,0.1,100,0.5,1.0,false,34512,31,20.39556631459583,65812,2051
30,1740,0.1,100,0.5,1.0,false,45123,11,22.822012444911422,64251,32
30,1740,0.1,100,0.5,1.0,false,45123,21,22.822012446822026,139874,2097
30,1740,0.1,100,0.5,1.0,false,45123,31,22.82201023186804,73533,1925
30,1740,0.1,100,0.5,1.0,false,51234,11,21.53251128800772,61857,31
30,1740,0.1,100,0.5,1.0,false,51234,21,21.532511250279967,137259,2137
30,1740,0.1,100,0.5,1.0,false,51234,31,21.532511246404415,69489,2089
30,1740,0.1,100,1.0,0.05,false,12345,11,17.870476820326356,46653,22
30,1740,0.1,100,1.0,0.05,false,12345,21,17.870476317468807,109025,1537
30,1740,0.1,100,1.0,0.05,false,12345,31,17.870475414419083,59629,949
30,1740,0.1,100,1.0,0.05,false,23451,11,19.454938952445595,40859,19
30,1740,0.1,100,1.0,0.05,false,23451,21,19.4549389492254,97773,1626
30,1740,0.1,100,1.0,0.05,false,23451,31,19.454938732770902,58220,843
30,1740,0.1,100,1.0,0.05,false,34512,11,18.249236716378103,55218,27
30,1740,0.1,100,1.0,0.05,false,34512,21,18.24923636214738,125346,1455
30,1740,0.1,100,1.0,0.05,false,34512,31,18.249235843348877,60445,948
30,1740,0.1,100,1.0,0.05,false,45123,11,19.026061771733755,48025,27
30,1740,0.1,100,1.0,0.05,false,45123,21,19.02606015152032,110025,1406
30,1740,0.1,100,1.0,0.05,false,45123,31,19.026059529516477,59671,921
30,1740,0.1,100,1.0,0.05,false,51234,11,19.402694626389856,69140,36
30,1740,0.1,100,1.0,0.05,false,51234,21,19.402694872844904,147759,1593
30,1740,0.1,100,1.0,0.05,false,51234,31,19.402694272392058,57446,978
30,1740,0.1,100,1.0,0.1,false,12345,11,18.82082069141966,38971,18
30,1740,0.1,100,1.0,0.1,false,12345,21,18.820820691682208,94026,1676
30,1740,0.1,100,1.0,0.1,false,12345,31,18.82082070032024,58167,1026
30,1740,0.1,100,1.0,0.1,false,23451,11,20.056296039619507,40081,18
30,1740,0.1,100,1.0,0.1,false,23451,21,20.05629605194707,137160,1972
30,1740,0.1,100,1.0,0.1,false,23451,31,20.056294106134807,55694,1046
30,1740,0.1,100,1.0,0.1,false,34512,11,19.012112323342684,38139,17
30,1740,0.1,100,1.0,0.1,false,34512,21,19.012112324347136,94248,1778
30,1740,0.1,100,1.0,0.1,false,34512,31,19.012112302504896,58437,1039
30,1740,0.1,100,1.0,0.1,false,45123,11,20.309528345789424,54286,27
30,1740,0.1,100,1.0,0.1,false,45123,21,20.309528298312657,125865,1899
30,1740,0.1,100,1.0,0.1,false,45123,31,20.309526496618254,61638,1064
30,1740,0.1,100,1.0,0.1,false,51234,11,19.408562980324355,66388,34
30,1740,0.1,100,1.0,0.1,false,51234,21,19.40856291538126,216785,2122
30,1740,0.1,100,1.0,0.1,false,51234,31,19.40856247829803,56252,1104
30,1740,0.1,100,1.0,0.5,false,12345,11,19.586182066012192,59358,30
30,1740,0.1,100,1.0,0.5,false,12345,21,19.586182108633594,130811,1814
30,1740,0.1,100,1.0,0.5,false,12345,31,19.58618249072214,72051,1735
30,1740,0.1,100,1.0,0.5,false,23451,11,21.023288968070325,71623,37
30,1740,0.1,100,1.0,0.5,false,23451,21,21.02328890663326,223786,2110
30,1740,0.1,100,1.0,0.5,false,23451,31,21.023287437998018,69360,1672
30,1740,0.1,100,1.0,0.5,false,34512,11,19.63573294383635,57496,29
30,1740,0.1,100,1.0,0.5,false,34512,21,19.635732898961496,129491,1821
30,1740,0.1,100,1.0,0.5,false,34512,31,19.63573240842533,66827,1649
30,1740,0.1,100,1.0,0.5,false,45123,11,21.828191340736456,38182,17
30,1740,0.1,100,1.0,0.5,false,45123,21,21.828191343804498,89283,1893
30,1740,0.1,100,1.0,0.5,false,45123,31,21.8281908943583,70442,1625
30,1740,0.1,100,1.0,0.5,false,51234,11,20.9592272068587,93896,47
30,1740,0.1,100,1.0,0.5,false,51234,21,20.95922720618762,203406,2443
30,1740,0.1,100,1.0,0.5,false,51234,31,20.959226700305233,59399,1777
30,1740,0.1,100,1.0,1.0,false,12345,11,20.288417168967737,77618,41
30,1740,0.1,100,1.0,1.0,false,12345,21,20.28841537838431,169347,2038
30,1740,0.1,100,1.0,1.0,false,12345,31,20.28841589281362,73824,2015
30,1740,0.1,100,1.0,1.0,false,23451,11,21.963696985023397,67631,35
30,1740,0.1,100,1.0,1.0,false,23451,21,21.963696975188448,151673,2253
30,1740,0.1,100,1.0,1.0,false,23451,31,21.96369609815052,69693,1870
30,1740,0.1,100,1.0,1.0,false,34512,11,20.408839171920444,57956,29
30,1740,0.1,100,1.0,1.0,false,34512,21,20.408837299387912,133435,2132
30,1740,0.1,100,1.0,1.0,false,34512,31,20.40883754423854,65348,2001
30,1740,0.1,100,1.0,1.0,false,45123,11,22.830818753922276,61119,31
30,1740,0.1,100,1.0,1.0,false,45123,21,22.830818636737504,194478,2041
30,1740,0.1,100,1.0,1.0,false,45123,31,22.830818575677874,72399,1908
30,1740,0.1,100,1.0,1.0,false,51234,11,21.54787019403786,61618,31
30,1740,0.1,100,1.0,1.0,false,51234,21,21.54787213404005,137758,2164
30,1740,0.1,100,1.0,1.0,false,51234,31,21.547868911717142,64565,2121
30,1740,0.1,100,2.0,0.05,false,12345,11,17.896863421714198,63949,32
30,1740,0.1,100,2.0,0.05,false,12345,21,17.89686337323843,141950,1480
30,1740,0.1,100,2.0,0.05,false,12345,31,17.89686255830098,61144,944
30,1740,0.1,100,2.0,0.05,false,23451,11,19.478175810877847,74011,38
30,1740,0.1,100,2.0,0.05,false,23451,21,19.47817581092152,334253,1592
30,1740,0.1,100,2.0,0.05,false,23451,31,19.47817369437164,88725,829
30,1740,0.1,100,2.0,0.05,false,34512,11,18.27117673975427,96468,29
30,1740,0.1,100,2.0,0.05,false,34512,21,18.271176379078906,199021,1437
30,1740,0.1,100,2.0,0.05,false,34512,31,18.271176481707855,105320,943
30,1740,0.1,100,2.0,0.05,false,45123,11,19.04854165488574,53051,16
30,1740,0.1,100,2.0,0.05,false,45123,21,19.048541654892226,148743,1451
30,1740,0.1,100,2.0,0.05,false,45123,31,19.048541005032327,63859,919
30,1740,0.1,100,2.0,0.05,false,51234,11,19.426545713126508,57066,25
30,1740,0.1,100,2.0,0.05,false,51234,21,19.426546403887027,147093,1643
30,1740,0.1,100,2.0,0.05,false,51234,31,19.426544888169747,95215,985
30,1740,0.1,100,2.0,0.1,false,12345,11,18.84056213946828,107855,37
30,1740,0.1,100,2.0,0.1,false,12345,21,18.84056100193726,318181,1680
30,1740,0.1,100,2.0,0.1,false,12345,31,18.840560892665284,90253,1028
30,1740,0.1,100,2.0,0.1,false,23451,11,20.07545019675478,66675,21
30,1740,0.1,100,2.0,0.1,false,23451,21,20.075450486002953,139043,1988
30,1740,0.1,100,2.0,0.1,false,23451,31,20.07544893473321,59284,1047
30,1740,0.1,100,2.0,0.1,false,34512,11,19.031338709925276,57377,16
30,1740,0.1,100,2.0,0.1,false,34512,21,19.031338709915566,99219,1665
30,1740,0.1,100,2.0,0.1,false,34512,31,19.03133746292562,69745,1034
30,1740,0.1,100,2.0,0.1,false,45123,11,20.325292816255182,50956,22
30,1740,0.1,100,2.0,0.1,false,45123,21,20.32529288571055,172519,1875
30,1740,0.1,100,2.0,0.1,false,45123,31,20.325290863053453,65679,1055
30,1740,0.1,100,2.0,0.1,false,51234,11,19.432387161035734,50626,21
30,1740,0.1,100,2.0,0.1,false,51234,21,19.432387406961258,139206,2085
30,1740,0.1,100,2.0,0.1,false,51234,31,19.43238685492639,72504,1096
30,1740,0.1,100,2.0,0.5,false,12345,11,19.61758383419326,69783,31
30,1740,0.1,100,2.0,0.5,false,12345,21,19.617583701594576,232830,1823
30,1740,0.1,100,2.0,0.5,false,12345,31,19.61758365887426,107493,1721
30,1740,0.1,100,2.0,0.5,false,23451,11,21.04992009142844,93702,41
30,1740,0.1,100,2.0,0.5,false,23451,21,21.049919434568828,301476,2151
30,1740,0.1,100,2.0,0.5,false,23451,31,21.049918487856722,91601,1552
30,1740,0.1,100,2.0,0.5,false,34512,11,19.666619574041498,96195,35
30,1740,0.1,100,2.0,0.5,false,34512,21,19.666619574374735,219649,1858
30,1740,0.1,100,2.0,0.5,false,34512,31,19.6666198540335,94650,1673
30,1740,0.1,100,2.0,0.5,false,45123,11,21.844637573477335,92602,33
30,1740,0.1,100,2.0,0.5,false,45123,21,21.844637573909566,206293,1937
30,1740,0.1,100,2.0,0.5,false,45123,31,21.844637059316614,107375,1591
30,1740,0.1,100,2.0,0.5,false,51234,11,20.982086619855316,98092,45
30,1740,0.1,100,2.0,0.5,false,51234,21,20.98208661828595,225120,2380
30,1740,0.1,100,2.0,0.5,false,51234,31,20.982085210946988,67388,1703
30,1740,0.1,100,2.0,1.0,false,12345,11,20.312814478928054,93391,44
30,1740,0.1,100,2.0,1.0,false,12345,21,20.31281447901293,200125,1982
30,1740,0.1,100,2.0,1.0,false,12345,31,20.31281343567828,82307,2014
30,1740,0.1,100,2.0,1.0,false,23451,11,21.987219512249375,80965,38
30,1740,0.1,100,2.0,1.0,false,23451,21,21.98721951207027,183376,2333
30,1740,0.1,100,2.0,1.0,false,23451,31,21.98721811918128,78034,1855
30,1740,0.1,100,2.0,1.0,false,34512,11,20.43434450361014,63638,28
30,1740,0.1,100,2.0,1.0,false,34512,21,20.43434450335882,143631,2042
30,1740,0.1,100,2.0,1.0,false,34512,31,20.434343639265848,70529,1920
30,1740,0.1,100,2.0,1.0,false,45123,11,22.848093194355357,105188,36
30,1740,0.1,100,2.0,1.0,false,45123,21,22.84809319650089,235314,2028
30,1740,0.1,100,2.0,1.0,false,45123,31,22.84809134964027,90938,1951
30,1740,0.1,100,2.0,1.0,false,51234,11,21.577148772380017,91858,32
30,1740,0.1,100,2.0,1.0,false,51234,21,21.577148772446854,214590,2137
30,1740,0.1,100,2.0,1.0,false,51234,31,21.57714796721869,100953,2001
30,1740,0.1,200,0.0,0.05,false,12345,11,21.46726779592853,5782,21
30,1740,0.1,200,0.0,0.05,false,12345,21,21.467267794194555,15926,2101
30,1740,0.1,200,0.0,0.05,false,12345,31,21.46726637827923,343459,1051
30,1740,0.1,200,0.0,0.05,false,34512,11,19.53577428685198,5091,19
30,1740,0.1,200,0.0,0.05,false,34512,21,19.535774285766124,11014,2036
30,1740,0.1,200,0.0,0.05,false,34512,31,19.535774255389022,243091,1112
30,1740,0.1,200,0.0,0.05,false,45123,11,19.490792702839933,5142,32
30,1740,0.1,200,0.0,0.05,false,45123,21,19.49079269889306,12743,2005
30,1740,0.1,200,0.0,0.05,false,45123,31,19.49079084051817,236151,1095
30,1740,0.1,200,0.0,0.05,false,51234,11,19.458439019321588,3662,21
30,1740,0.1,200,0.0,0.05,false,51234,21,19.458438897373373,10042,2133
30,1740,0.1,200,0.0,0.05,false,51234,31,19.45843705797961,245819,1020
30,1740,0.1,200,0.0,0.1,false,12345,11,22.522224995034,4882,19
30,1740,0.1,200,0.0,0.1,false,12345,21,22.52222498448029,18537,2500
30,1740,0.1,200,0.0,0.1,false,12345,31,22.522224196111363,248911,1307
30,1740,0.1,200,0.0,0.1,false,23451,11,21.487452615639526,9093,40
30,1740,0.1,200,0.0,0.1,false,23451,21,21.48745278473657,20995,2433
30,1740,0.1,200,0.0,0.1,false,23451,31,21.487451621258458,246759,1367
30,1740,0.1,200,0.0,0.1,false,34512,11,21.202982798583108,5501,25
30,1740,0.1,200,0.0,0.1,false,34512,21,21.202982710143047,15275,2393
30,1740,0.1,200,0.0,0.1,false,34512,31,21.202980703929885,250592,1218
30,1740,0.1,200,0.0,0.1,false,45123,11,20.810697692717174,6321,27
30,1740,0.1,200,0.0,0.1,false,45123,21,20.810697664790524,22782,2448
30,1740,0.1,200,0.0,0.1,false,45123,31,20.810696129629488,242323,1288
30,1740,0.1,200,0.0,0.5,false,12345,31,25.075571451458405,257560,1955
30,1740,0.1,200,0.0,0.5,false,23451,31,24.453595665431962,253416,2052
30,1740,0.1,200,0.0,0.5,false,34512,31,23.769446569567833,258523,2024
30,1740,0.1,200,0.0,0.5,false,45123,31,24.30202449838591,259137,1927
30,1740,0.1,200,0.0,0.5,false,51234,31,23.940182445460245,257365,1922
30,1740,0.1,200,0.0,1.0,false,23451,31,26.27503570497283,249612,2315
30,1740,0.1,200,0.1,0.05,false,12345,11,21.468175972294343,51933,25
30,1740,0.1,200,0.1,0.05,false,12345,21,21.468175720953084,172540,2176
30,1740,0.1,200,0.1,0.05,false,12345,31,21.46817552054404,246397,1044
30,1740,0.1,200,0.1,0.05,false,23451,11,21.619310442197587,56236,28
30,1740,0.1,200,0.1,0.05,false,23451,21,21.619310424514957,133865,2415
30,1740,0.1,200,0.1,0.05,false,23451,31,21.619309414069264,240259,1167
30,1740,0.1,200,0.1,0.05,false,34512,11,19.53708142781388,38521,17
30,1740,0.1,200,0.1,0.05,false,34512,21,19.537081430268888,93389,1887
30,1740,0.1,200,0.1,0.05,false,34512,31,19.53708043722173,250183,1108
30,1740,0.1,200,0.1,0.05,false,45123,11,19.491959901916402,41803,19
30,1740,0.1,200,0.1,0.05,false,45123,21,19.49195969889483,102147,2048
30,1740,0.1,200,0.1,0.05,false,45123,31,19.491958783977083,238941,1078
30,1740,0.1,200,0.1,0.05,false,51234,11,19.45967377018411,41693,19
30,1740,0.1,200,0.1,0.05,false,51234,21,19.459673946339542,102589,2098
30,1740,0.1,200,0.1,0.05,false,51234,31,19.459671625826296,242868,1016
30,1740,0.1,200,0.1,0.1,false,12345,11,22.523132268660547,40090,18
30,1740,0.1,200,0.1,0.1,false,12345,21,22.52313233537176,142487,2637
30,1740,0.1,200,0.1,0.1,false,12345,31,22.523129624174643,244771,1333
30,1740,0.1,200,0.1,0.1,false,23451,11,21.488534929399723,53215,26
30,1740,0.1,200,0.1,0.1,false,23451,21,21.488534960812977,129523,2625
30,1740,0.1,200,0.1,0.1,false,23451,31,21.488533058452347,242709,1369
30,1740,0.1,200,0.1,0.1,false,34512,11,21.203794621131344,49867,24
30,1740,0.1,200,0.1,0.1,false,34512,21,21.203794674616443,170708,2459
30,1740,0.1,200,0.1,0.1,false,34512,31,21.20379407568732,247261,1219
30,1740,0.1,200,0.1,0.1,false,45123,11,20.811566060017043,43055,20
30,1740,0.1,200,0.1,0.1,false,45123,21,20.81156605990525,151697,2490
30,1740,0.1,200,0.1,0.1,false,45123,31,20.811565350843136,247735,1291
30,1740,0.1,200,0.1,0.1,false,51234,11,20.714129254978495,71934,37
30,1740,0.1,200,0.1,0.1,false,51234,21,20.714129257506254,165441,2473
30,1740,0.1,200,0.1,0.1,false,51234,31,20.71412663612928,246198,1237
30,1740,0.1,200,0.1,0.5,false,12345,11,25.076385500450993,46963,21
30,1740,0.1,200,0.1,0.5,false,12345,21,25.0763855005392,109666,2491
30,1740,0.1,200,0.1,0.5,false,12345,31,25.076385297424725,247366,1937
30,1740,0.1,200,0.1,0.5,false,23451,11,24.454392158394832,86417,44
30,1740,0.1,200,0.1,0.5,false,23451,21,24.45439215040521,187560,2550
30,1740,0.1,200,0.1,0.5,false,23451,31,24.45439049129751,251503,2145
30,1740,0.1,200,0.1,0.5,false,34512,11,23.770231132754375,74402,37
30,1740,0.1,200,0.1,0.5,false,34512,21,23.770231140736033,165119,2508
30,1740,0.1,200,0.1,0.5,false,34512,31,23.770229002090254,251945,2039
30,1740,0.1,200,0.1,0.5,false,45123,11,24.30268053898253,70601,34
30,1740,0.1,200,0.1,0.5,false,45123,21,24.30268053774667,154749,2815
30,1740,0.1,200,0.1,0.5,false,45123,31,24.302677860772338,255289,1957
30,1740,0.1,200,0.1,0.5,false,51234,11,23.9409168457434,75551,38
30,1740,0.1,200,0.1,0.5,false,51234,21,23.9409168353243,255474,3690
30,1740,0.1,200,0.1,0.5,false,51234,31,23.940914444733227,255235,1922
30,1740,0.1,200,0.1,1.0,false,12345,11,25.980329675967575,92961,47
30,1740,0.1,200,0.1,1.0,false,12345,21,25.98032967594688,200071,2805
30,1740,0.1,200,0.1,1.0,false,12345,31,25.98032795368175,267788,2295
30,1740,0.1,200,0.1,1.0,false,23451,11,26.27567625068428,70621,35
30,1740,0.1,200,0.1,1.0,false,23451,21,26.2756762450809,226111,3000
30,1740,0.1,200,0.1,1.0,false,23451,31,26.275675273953816,243464,2337
30,1740,0.1,200,0.1,1.0,false,34512,11,24.89679417305598,85167,43
30,1740,0.1,200,0.1,1.0,false,34512,21,24.89679419148142,184566,2670
30,1740,0.1,200,0.1,1.0,false,34512,31,24.896792633235748,249595,2211
30,1740,0.1,200,0.1,1.0,false,45123,11,24.75796004649128,78644,39
30,1740,0.1,200,0.1,1.0,false,45123,21,24.757960061912776,170365,2813
30,1740,0.1,200,0.1,1.0,false,45123,31,24.757958612711487,258653,2511
30,1740,0.1,200,0.1,1.0,false,51234,11,24.284564244587514,86353,43
30,1740,0.1,200,0.1,1.0,false,51234,21,24.28456205264071,190290,2945
30,1740,0.1,200,0.1,1.0,false,51234,31,24.28456155644347,256825,2223
30,1740,0.1,200,0.5,0.05,false,12345,11,21.47180838162391,41321,19
30,1740,0.1,200,0.5,0.05,false,12345,21,21.471808383865373,104759,2183
30,1740,0.1,200,0.5,0.05,false,12345,31,21.471808282867695,240639,1053
30,1740,0.1,200,0.5,0.05,false,23451,11,21.623143601086046,41541,19
30,1740,0.1,200,0.5,0.05,false,23451,21,21.62314190861861,145245,2454
30,1740,0.1,200,0.5,0.05,false,23451,31,21.623142791659916,248773,1161
30,1740,0.1,200,0.5,0.05,false,34512,11,19.54229485200361,40122,18
30,1740,0.1,200,0.5,0.05,false,34512,21,19.54229485629576,96892,1965
30,1740,0.1,200,0.5,0.05,false,34512,31,19.54229404107744,242916,1101
30,1740,0.1,200,0.5,0.05,false,45123,11,19.49662598730043,51104,25
30,1740,0.1,200,0.5,0.05,false,45123,21,19.49662753541669,123657,1939
30,1740,0.1,200,0.5,0.05,false,45123,31,19.496623655541615,236843,1084
30,1740,0.1,200,0.5,0.05,false,51234,11,19.46460574050792,40983,19
30,1740,0.1,200,0.5,0.05,false,51234,21,19.464605747858013,102649,2139
30,1740,0.1,200,0.5,0.05,false,51234,31,19.46460346939854,239709,1020
30,1740,0.1,200,0.5,0.1,false,12345,11,22.52674712662526,41493,19
30,1740,0.1,200,0.5,0.1,false,12345,21,22.52674711144479,106872,2676
30,1740,0.1,200,0.5,0.1,false,12345,31,22.526746960470945,248492,1309
30,1740,0.1,200,0.5,0.1,false,23451,11,21.492852087025906,63792,33
30,1740,0.1,200,0.5,0.1,false,23451,21,21.492852159834797,150835,2589
30,1740,0.1,200,0.5,0.1,false,23451,31,21.49285086928798,250218,1356
30,1740,0.1,200,0.5,0.1,false,34512,11,21.20704659278317,64601,32
30,1740,0.1,200,0.5,0.1,false,34512,21,21.207046772674243,147435,2470
30,1740,0.1,200,0.5,0.1,false,34512,31,21.20704469069602,247560,1205
30,1740,0.1,200,0.5,0.1,false,45123,11,20.815039158483664,41273,19
30,1740,0.1,200,0.5,0.1,false,45123,21,20.815039172640347,104580,2494
30,1740,0.1,200,0.5,0.1,false,45123,31,20.815038855365007,243635,1275
30,1740,0.1,200,0.5,0.1,false,51234,11,20.718528169531844,40940,19
30,1740,0.1,200,0.5,0.1,false,51234,21,20.71852817239413,105408,2501
30,1740,0.1,200,0.5,0.1,false,51234,31,20.718526992245522,247296,1262
30,1740,0.1,200,0.5,0.5,false,12345,11,25.079637489187753,42592,19
30,1740,0.1,200,0.5,0.5,false,12345,21,25.079637489173173,101970,2469
30,1740,0.1,200,0.5,0.5,false,12345,31,25.079635611616272,257677,1934
30,1740,0.1,200,0.5,0.5,false,23451,11,24.457566929585205,84399,42
30,1740,0.1,200,0.5,0.5,false,23451,21,24.45756693012896,181566,2571
30,1740,0.1,200,0.5,0.5,false,23451,31,24.457565557380132,248380,2010
30,1740,0.1,200,0.5,0.5,false,34512,11,23.773356405140348,70320,34
30,1740,0.1,200,0.5,0.5,false,34512,21,23.773356408721128,152877,2508
30,1740,0.1,200,0.5,0.5,false,34512,31,23.77335377825436,250739,2008
30,1740,0.1,200,0.5,0.5,false,45123,11,24.30529041845639,46513,22
30,1740,0.1,200,0.5,0.5,false,45123,21,24.30529128420676,108093,2682
30,1740,0.1,200,0.5,0.5,false,45123,31,24.305288757583114,255301,1991
30,1740,0.1,200,0.5,0.5,false,51234,11,23.943840905887523,73006,36
30,1740,0.1,200,0.5,0.5,false,51234,21,23.943840899703133,174174,3706
30,1740,0.1,200,0.5,0.5,false,51234,31,23.943839774877716,256441,1877
30,1740,0.1,200,0.5,1.0,false,12345,11,25.98378512492262,88575,45
30,1740,0.1,200,0.5,1.0,false,12345,21,25.983785123773863,191709,2859
30,1740,0.1,200,0.5,1.0,false,12345,31,25.9837846155799,266006,2295
30,1740,0.1,200,0.5,1.0,false,23451,11,26.278233968622022,69360,34
30,1740,0.1,200,0.5,1.0,false,23451,21,26.278233958009203,154743,3018
30,1740,0.1,200,0.5,1.0,false,23451,31,26.278231522059976,244147,2267
30,1740,0.1,200,0.5,1.0,false,34512,11,24.90006592936776,84765,42
30,1740,0.1,200,0.5,1.0,false,34512,21,24.90006592775259,183084,2691
30,1740,0.1,200,0.5,1.0,false,34512,31,24.900064107686315,256194,2206
30,1740,0.1,200,0.5,1.0,false,45123,11,24.760766378404995,71964,36
30,1740,0.1,200,0.5,1.0,false,45123,21,24.76076637838331,159972,2823
30,1740,0.1,200,0.5,1.0,false,45123,31,24.760764282916362,258455,2455
30,1740,0.1,200,0.5,1.0,false,51234,11,24.287920376554172,82758,41
30,1740,0.1,200,0.5,1.0,false,51234,21,24.287920372549067,181495,2903
30,1740,0.1,200,0.5,1.0,false,51234,31,24.28791778340363,247872,2275
30,1740,0.1,200,1.0,0.05,false,12345,11,21.47634243018156,42921,20
30,1740,0.1,200,1.0,0.05,false,12345,21,21.476342413751816,106766,2188
30,1740,0.1,200,1.0,0.05,false,12345,31,21.4763407178018,243010,1043
30,1740,0.1,200,1.0,0.05,false,23451,11,21.62792430518324,57748,29
30,1740,0.1,200,1.0,0.05,false,23451,21,21.627924789447654,135707,2339
30,1740,0.1,200,1.0,0.05,false,23451,31,21.6279226506395,241291,1184
30,1740,0.1,200,1.0,0.05,false,34512,11,19.548786439285166,39603,18
30,1740,0.1,200,1.0,0.05,false,34512,21,19.54878642622495,137203,2101
30,1740,0.1,200,1.0,0.05,false,34512,31,19.54878622679516,242207,1122
30,1740,0.1,200,1.0,0.05,false,45123,11,19.502440836023627,72409,37
30,1740,0.1,200,1.0,0.05,false,45123,21,19.502441053603384,160317,2087
30,1740,0.1,200,1.0,0.05,false,45123,31,19.502439317149665,240703,1103
30,1740,0.1,200,1.0,0.05,false,51234,11,19.47075567968827,39620,18
30,1740,0.1,200,1.0,0.05,false,51234,21,19.470754650835456,141088,2179
30,1740,0.1,200,1.0,0.05,false,51234,31,19.470753690682475,238646,1008
30,1740,0.1,200,1.0,0.1,false,12345,11,22.53126033109554,43630,20
30,1740,0.1,200,1.0,0.1,false,12345,21,22.531260330793973,108929,2561
30,1740,0.1,200,1.0,0.1,false,12345,31,22.531258843820897,246617,1308
30,1740,0.1,200,1.0,0.1,false,23451,11,21.49823318746106,71153,35
30,1740,0.1,200,1.0,0.1,false,23451,21,21.498232609379418,160309,2600
30,1740,0.1,200,1.0,0.1,false,23451,31,21.498230439330765,249677,1355
30,1740,0.1,200,1.0,0.1,false,34512,11,21.21110380511865,44775,21
30,1740,0.1,200,1.0,0.1,false,34512,21,21.211103789368995,156008,2598
30,1740,0.1,200,1.0,0.1,false,34512,31,21.211101528512607,245508,1251
30,1740,0.1,200,1.0,0.1,false,45123,11,20.819373965783715,59689,30
30,1740,0.1,200,1.0,0.1,false,45123,21,20.819373997554553,140361,2476
30,1740,0.1,200,1.0,0.1,false,45123,31,20.81937316794648,240767,1273
30,1740,0.1,200,1.0,0.1,false,51234,11,20.72401574968525,76702,38
30,1740,0.1,200,1.0,0.1,false,51234,21,20.724014341442007,174270,2552
30,1740,0.1,200,1.0,0.1,false,51234,31,20.72401403811812,245553,1257
30,1740,0.1,200,1.0,0.5,false,12345,11,25.083687510035713,76229,38
30,1740,0.1,200,1.0,0.5,false,12345,21,25.083687508670597,168411,2507
30,1740,0.1,200,1.0,0.5,false,12345,31,25.08368718769852,257053,1983
30,1740,0.1,200,1.0,0.5,false,23451,11,24.46152762880674,78518,39
30,1740,0.1,200,1.0,0.5,false,23451,21,24.461527630062697,170191,2517
30,1740,0.1,200,1.0,0.5,false,23451,31,24.46152491750999,251616,2128
30,1740,0.1,200,1.0,0.5,false,34512,11,23.777250603019525,74384,36
30,1740,0.1,200,1.0,0.5,false,34512,21,23.777250600982512,231373,2412
30,1740,0.1,200,1.0,0.5,false,34512,31,23.777249052562397,256305,2039
30,1740,0.1,200,1.0,0.5,false,45123,11,24.30854666895963,42190,19
30,1740,0.1,200,1.0,0.5,false,45123,21,24.308546668583535,100419,2655
30,1740,0.1,200,1.0,0.5,false,45123,31,24.308546665332884,257986,1915
30,1740,0.1,200,1.0,0.5,false,51234,11,23.94749195367839,73828,37
30,1740,0.1,200,1.0,0.5,false,51234,21,23.9474919558881,176864,3685
30,1740,0.1,200,1.0,0.5,false,51234,31,23.94749046536229,248598,1929
30,1740,0.1,200,1.0,1.0,false,12345,11,25.988086123826584,82501,41
30,1740,0.1,200,1.0,1.0,false,12345,21,25.988086123387887,178472,2814
30,1740,0.1,200,1.0,1.0,false,12345,31,25.988085206737804,268378,2314
30,1740,0.1,200,1.0,1.0,false,23451,11,26.281423353784877,72204,35
30,1740,0.1,200,1.0,1.0,false,23451,21,26.281423356951134,160818,3024
30,1740,0.1,200,1.0,1.0,false,23451,31,26.28142228619389,251008,2309
30,1740,0.1,200,1.0,1.0,false,34512,11,24.90414553754054,72017,35
30,1740,0.1,200,1.0,1.0,false,34512,21,24.90414553575668,157297,2630
30,1740,0.1,200,1.0,1.0,false,34512,31,24.904143289261874,257806,2156
30,1740,0.1,200,1.0,1.0,false,45123,11,24.76426723351312,59732,30
30,1740,0.1,200,1.0,1.0,false,45123,21,24.764267247278703,197309,2906
30,1740,0.1,200,1.0,1.0,false,45123,31,24.76426521347365,258730,2509
30,1740,0.1,200,1.0,1.0,false,51234,11,24.292105573764353,80183,39
30,1740,0.1,200,1.0,1.0,false,51234,21,24.29210556821199,171169,2922
30,1740,0.1,200,1.0,1.0,false,51234,31,24.292103408714105,253781,2254
30,1740,0.1,200,2.0,0.05,false,12345,11,21.485377717488436,41311,19
30,1740,0.1,200,2.0,0.05,false,12345,21,21.48537771498651,104939,2218
30,1740,0.1,200,2.0,0.05,false,12345,31,21.485377488535207,238958,1030
30,1740,0.1,200,2.0,0.05,false,23451,11,21.637443769936237,40091,18
30,1740,0.1,200,2.0,0.05,false,23451,21,21.63744368092282,141032,2377
30,1740,0.1,200,2.0,0.05,false,23451,31,21.637443278947316,237876,1166
30,1740,0.1,200,2.0,0.05,false,34512,11,19.56169007493026,38153,17
30,1740,0.1,200,2.0,0.05,false,34512,21,19.56169007670604,134359,2063
30,1740,0.1,200,2.0,0.05,false,34512,31,19.561689456675246,243299,1112
30,1740,0.1,200,2.0,0.05,false,45123,11,19.51402048621766,42081,19
30,1740,0.1,200,2.0,0.05,false,45123,21,19.51402057777899,101719,1961
30,1740,0.1,200,2.0,0.05,false,45123,31,19.51401985494912,236848,1085
30,1740,0.1,200,2.0,0.05,false,51234,11,19.48300611991824,51966,25
30,1740,0.1,200,2.0,0.05,false,51234,21,19.483006188175555,173110,2136
30,1740,0.1,200,2.0,0.05,false,51234,31,19.483005256807562,243449,1005
30,1740,0.1,200,2.0,0.1,false,12345,11,22.540251278002287,52680,25
30,1740,0.1,200,2.0,0.1,false,12345,21,22.54025127782659,183265,2618
30,1740,0.1,200,2.0,0.1,false,12345,31,22.54025035492863,242221,1323
30,1740,0.1,200,2.0,0.1,false,23451,11,21.50893279647193,44003,20
30,1740,0.1,200,2.0,0.1,false,23451,21,21.50893280002228,111987,2635
30,1740,0.1,200,2.0,0.1,false,23451,31,21.508932187259006,250491,1338
30,1740,0.1,200,2.0,0.1,false,34512,11,21.219195444327312,43493,20
30,1740,0.1,200,2.0,0.1,false,34512,21,21.219195666355706,107884,2563
30,1740,0.1,200,2.0,0.1,false,34512,31,21.219193961927054,244025,1200
30,1740,0.1,200,2.0,0.1,false,45123,11,20.828019332196565,40965,18
30,1740,0.1,200,2.0,0.1,false,45123,21,20.82801933213149,102203,2374
30,1740,0.1,200,2.0,0.1,false,45123,31,20.82801679738062,244199,1274
30,1740,0.1,200,2.0,0.1,false,51234,11,20.734944845222447,39702,18
30,1740,0.1,200,2.0,0.1,false,51234,21,20.734944845500927,103439,2666
30,1740,0.1,200,2.0,0.1,false,51234,31,20.73494398727295,246309,1228
30,1740,0.1,200,2.0,0.5,false,12345,11,25.091755912645752,47943,21
30,1740,0.1,200,2.0,0.5,false,12345,21,25.0917559114334,111041,2513
30,1740,0.1,200,2.0,0.5,false,12345,31,25.09175317556687,248861,1901
30,1740,0.1,200,2.0,0.5,false,23451,11,24.469413381576487,81609,41
30,1740,0.1,200,2.0,0.5,false,23451,21,24.469413376310154,178877,2490
30,1740,0.1,200,2.0,0.5,false,23451,31,24.46941244668108,250320,2017
30,1740,0.1,200,2.0,0.5,false,34512,11,23.78500715381422,42093,19
30,1740,0.1,200,2.0,0.5,false,34512,21,23.78500715444868,100818,2368
30,1740,0.1,200,2.0,0.5,false,34512,31,23.78500531921148,247517,1973
30,1740,0.1,200,2.0,0.5,false,45123,11,24.31504477568206,47152,21
30,1740,0.1,200,2.0,0.5,false,45123,21,24.315044775530005,109623,2675
30,1740,0.1,200,2.0,0.5,false,45123,31,24.315043627853534,249691,1979
30,1740,0.1,200,2.0,0.5,false,51234,11,23.954773837233354,46193,21
30,1740,0.1,200,2.0,0.5,false,51234,21,23.954773837275006,121974,3621
30,1740,0.1,200,2.0,0.5,false,51234,31,23.95477211667442,249074,1934
30,1740,0.1,200,2.0,1.0,false,12345,11,25.99662216146235,92399,46
30,1740,0.1,200,2.0,1.0,false,12345,21,25.99662214627771,198612,2835
30,1740,0.1,200,2.0,1.0,false,12345,31,25.99662029020606,259655,2275
30,1740,0.1,200,2.0,1.0,false,23451,11,26.287789779722036,43192,20
30,1740,0.1,200,2.0,1.0,false,23451,21,26.287790048876715,147471,2920
30,1740,0.1,200,2.0,1.0,false,23451,31,26.287788764226363,247612,2280
30,1740,0.1,200,2.0,1.0,false,34512,11,24.91226988612344,73573,36
30,1740,0.1,200,2.0,1.0,false,34512,21,24.9122696276832,159271,2655
30,1740,0.1,200,2.0,1.0,false,34512,31,24.91226843378009,248530,2200
30,1740,0.1,200,2.0,1.0,false,45123,11,24.77124800230317,49325,23
30,1740,0.1,200,2.0,1.0,false,45123,21,24.771247967970524,163387,2956
30,1740,0.1,200,2.0,1.0,false,45123,31,24.771246175842474,253605,2486
30,1740,0.1,200,2.0,1.0,false,51234,11,24.300444281203802,82847,41
30,1740,0.1,200,2.0,1.0,false,51234,21,24.300444278537547,180405,2919
30,1740,0.1,200,2.0,1.0,false,51234,31,24.300442826186895,255856,2199
30,1740,0.1,300,0.0,0.05,false,12345,11,23.36029851179623,12792,43
30,1740,0.1,300,0.0,0.05,false,12345,21,23.360297381911288,33880,2626
30,1740,0.1,300,0.0,0.05,false,12345,31,23.36029739326377,604106,1220
30,1740,0.1,300,0.0,0.05,false,23451,11,24.007881706647332,6582,21
30,1740,0.1,300,0.0,0.05,false,23451,21,24.00788122755654,19735,2865
30,1740,0.1,300,0.0,0.05,false,23451,31,24.00787919697496,597737,1162
30,1740,0.1,300,0.0,0.05,false,34512,11,23.11593278512091,10274,34
30,1740,0.1,300,0.0,0.05,false,34512,21,23.115932746249754,35911,2675
30,1740,0.1,300,0.0,0.05,false,34512,31,23.115931054959006,605634,1400
30,1740,0.1,300,0.0,0.05,false,45123,11,23.373354364389343,6071,16
30,1740,0.1,300,0.0,0.05,false,45123,21,23.373354372058465,19136,2636
30,1740,0.1,300,0.0,0.05,false,45123,31,23.37335213038618,608856,1253
30,1740,0.1,300,0.0,0.05,false,51234,11,23.27106290055793,12774,43
30,1740,0.1,300,0.0,0.05,false,51234,21,23.27106290189322,32562,2922
30,1740,0.1,300,0.0,0.05,false,51234,31,23.271062022221535,606876,1432
30,1740,0.1,300,0.0,0.1,false,23451,31,25.287313943833812,603586,1476
30,1740,0.1,300,0.0,0.1,false,34512,31,25.22723330689289,613623,1489
30,1740,0.1,300,0.0,0.1,false,45123,11,25.268536347718182,9023,19
30,1740,0.1,300,0.0,0.1,false,45123,21,25.26853634766246,29027,3349
30,1740,0.1,300,0.0,0.1,false,45123,31,25.268535307619413,609938,1590
30,1740,0.1,300,0.0,0.1,false,51234,11,24.97181178350459,19466,42
30,1740,0.1,300,0.0,0.1,false,51234,21,24.971811782604224,46653,3066
30,1740,0.1,300,0.0,0.1,false,51234,31,24.971811205226956,603788,1572
30,1740,0.1,300,0.0,0.5,false,12345,31,28.630983343746085,641594,2147
30,1740,0.1,300,0.0,0.5,false,23451,31,28.188421572859166,599134,2155
30,1740,0.1,300,0.0,0.5,false,34512,31,29.7169836894175,610164,2002
30,1740,0.1,300,0.0,0.5,false,45123,31,28.965570537475564,603559,2262
30,1740,0.1,300,0.1,0.05,false,12345,11,23.36092412646129,42651,19
30,1740,0.1,300,0.1,0.05,false,12345,21,23.36092412643261,107741,2804
30,1740,0.1,300,0.1,0.05,false,12345,31,23.36092313592776,606809,1208
30,1740,0.1,300,0.1,0.05,false,23451,11,24.008564916858724,43580,20
30,1740,0.1,300,0.1,0.05,false,23451,21,24.008564916858056,113230,3234
30,1740,0.1,300,0.1,0.05,false,23451,31,24.00856443053832,603243,1202
30,1740,0.1,300,0.1,0.05,false,34512,11,23.116557547605463,45745,21
30,1740,0.1,300,0.1,0.05,false,34512,21,23.11655754807846,117791,2990
30,1740,0.1,300,0.1,0.05,false,34512,31,23.1165573560149,610689,1384
30,1740,0.1,300,0.1,0.05,false,45123,11,23.37412090565885,36729,16
30,1740,0.1,300,0.1,0.05,false,45123,21,23.374120903353308,131426,2685
30,1740,0.1,300,0.1,0.05,false,45123,31,23.374118682000216,595328,1245
30,1740,0.1,300,0.1,0.05,false,51234,11,23.271746272692663,39930,18
30,1740,0.1,300,0.1,0.05,false,51234,21,23.271746276764077,105878,3050
30,1740,0.1,300,0.1,0.05,false,51234,31,23.271745782761993,608002,1423
30,1740,0.1,300,0.1,0.1,false,12345,11,25.272134478499208,45122,20
30,1740,0.1,300,0.1,0.1,false,12345,21,25.272134426491014,113838,3355
30,1740,0.1,300,0.1,0.1,false,12345,31,25.272133876576312,606678,1601
30,1740,0.1,300,0.1,0.1,false,23451,11,25.28784939620194,49197,22
30,1740,0.1,300,0.1,0.1,false,23451,21,25.287849393677106,121124,3054
30,1740,0.1,300,0.1,0.1,false,23451,31,25.287847547026523,605040,1512
30,1740,0.1,300,0.1,0.1,false,34512,11,25.22769679616646,45502,20
30,1740,0.1,300,0.1,0.1,false,34512,21,25.227696796293053,111241,3040
30,1740,0.1,300,0.1,0.1,false,34512,31,25.227696609499134,610255,1495
30,1740,0.1,300,0.1,0.1,false,45123,11,25.269132240573786,42853,20
30,1740,0.1,300,0.1,0.1,false,45123,21,25.26913224031196,115991,3494
30,1740,0.1,300,0.1,0.1,false,45123,31,25.26913153787916,609113,1590
30,1740,0.1,300,0.1,0.1,false,51234,11,24.972349052561107,48653,22
30,1740,0.1,300,0.1,0.1,false,51234,21,24.972349051603615,122162,3167
30,1740,0.1,300,0.1,0.1,false,51234,31,24.97234836638216,616635,1593
30,1740,0.1,300,0.1,0.5,false,12345,11,28.631435735684818,72079,35
30,1740,0.1,300,0.1,0.5,false,12345,21,28.631435711367082,160296,3027
30,1740,0.1,300,0.1,0.5,false,12345,31,28.631434916371646,606932,2138
30,1740,0.1,300,0.1,0.5,false,23451,11,28.18889662113811,54447,26
30,1740,0.1,300,0.1,0.5,false,23451,21,28.188896621564627,126839,3259
30,1740,0.1,300,0.1,0.5,false,23451,31,28.1888959025839,610678,2148
30,1740,0.1,300,0.1,0.5,false,34512,11,29.717300868241523,50395,23
30,1740,0.1,300,0.1,0.5,false,34512,21,29.71730086728029,120762,3474
30,1740,0.1,300,0.1,0.5,false,34512,31,29.71729851266815,601848,1974
30,1740,0.1,300,0.1,0.5,false,45123,11,28.96594645246164,48773,22
30,1740,0.1,300,0.1,0.5,false,45123,21,28.965946452443784,115674,3311
30,1740,0.1,300,0.1,0.5,false,45123,31,28.965945943398623,610467,2274
30,1740,0.1,300,0.1,0.5,false,51234,11,29.600402336710445,68409,33
30,1740,0.1,300,0.1,0.5,false,51234,21,29.60040233279517,154078,3299
30,1740,0.1,300,0.1,0.5,false,51234,31,29.600400817270373,608396,2235
30,1740,0.1,300,0.1,1.0,false,12345,11,31.575188783386697,48746,22
30,1740,0.1,300,0.1,1.0,false,12345,21,31.575188783763302,119385,3632
30,1740,0.1,300,0.1,1.0,false,12345,31,31.57518812968527,612522,2393
30,1740,0.1,300,0.1,1.0,false,23451,11,30.26539731329838,67439,33
30,1740,0.1,300,0.1,1.0,false,23451,21,30.26539733651478,155647,3407
30,1740,0.1,300,0.1,1.0,false,23451,31,30.26539568583078,614019,2327
30,1740,0.1,300,0.1,1.0,false,34512,11,30.844856954285763,71229,35
30,1740,0.1,300,0.1,1.0,false,34512,21,30.84485703877581,161253,3392
30,1740,0.1,300,0.1,1.0,false,34512,31,30.84485610742606,614451,2320
30,1740,0.1,300,0.1,1.0,false,45123,11,30.689145220362086,65172,31
30,1740,0.1,300,0.1,1.0,false,45123,21,30.689145213651262,146025,3337
30,1740,0.1,300,0.1,1.0,false,45123,31,30.689143741109927,606094,2300
30,1740,0.1,300,0.1,1.0,false,51234,11,30.51478855816489,48635,22
30,1740,0.1,300,0.1,1.0,false,51234,21,30.51478855802505,116802,3327
30,1740,0.1,300,0.1,1.0,false,51234,31,30.51478827122237,651676,2344
